assay_name,cell_line
5500994173212120213068_A01,UACC-812
5500994157493061613625_A01,CAL-120
5500994158987071513209_A01,201T
5500994172383112813929_A01,EVSA-T
5500994158987071513202_A01,KYSE-520
5500994158987071513207_A01,MS751
5500994172383112813928_A01,MEL-JUSO
5500994172383112813930_A01,NCI-H1869
5500994172948120113978_A01,CMK
5500994173212120213068_A02,SNU-61
5500994157493061613625_A02,DMS-114
5500994158987071513209_A02,A204
5500994172383112813929_A02,EBC-1
5500994158987071513202_A02,KURAMOCHI
5500994158987071513207_A02,MZ7-mel
5500994172383112813928_A02,SF539
5500994158987071513201_A02,REH
5500994172383112813930_A02,NCI-H2347
5500994172948120113978_A02,NB-TU-1-10
5500994173212120213068_A03,SIG-M5
5500994157493061613625_A03,CAL-51
5500994172383112813929_A03,ASH-3
5500994158987071513207_A03,MDST8
5500994172383112813928_A03,SUP-T1
5500994158987071513201_A03,RH-41
5500994172383112813930_A03,NCI-H2170
5500994172948120113978_A03,NCI-H2141
5500994173212120213068_A04,ALL-SIL
5500994157493061613625_A04,H2869
5500994158987071513209_A04,BCPAP
5500994172383112813929_A04,CaR-1
5500994158987071513202_A04,KINGS-1
5500994158987071513207_A04,U-118-MG
5500994172383112813928_A04,KP-4
5500994158987071513201_A04,RPMI-8866
5500994172383112813930_A04,NCI-H510A
5500994172948120113978_A04,NCI-H250
5500994173212120213068_A05,KMS-12-BM
5500994157493061613625_A05,H290
5500994158987071513209_A05,BT-20
5500994172383112813929_A05,CP66-MEL
5500994158987071513202_A05,LCLC-97TM1
5500994158987071513207_A05,WM1552C
5500994172383112813928_A05,KM-H2
5500994158987071513201_A05,PANC-08-13
5500994172383112813930_A05,NCI-H810
5500994172948120113978_A05,CCF-STTG1
5500994173212120213068_A06,FTC-133
5500994157493061613625_A06,A2058
5500994158987071513209_A06,Ca9-22
5500994172383112813929_A06,D-392MG
5500994158987071513202_A06,LU-99A
5500994158987071513207_A06,YH-13
5500994172383112813928_A06,SK-LMS-1
5500994158987071513201_A06,PCI-6A
5500994172383112813930_A06,NCI-SNU-1
5500994172948120113978_A06,COR-L321
5500994173212120213068_A07,RCC10RGB
5500994157493061613625_A07,CESS
5500994158987071513209_A07,CHP-212
5500994172383112813929_A07,EW-16
5500994158987071513202_A07,LU-134-A
5500994158987071513207_A07,TE-1
5500994172383112813928_A07,H-EMC-SS
5500994158987071513201_A07,NCI-H1792
5500994172383112813930_A07,NUGC-3
5500994172948120113978_A07,SK-MEL-2
5500994173212120213068_A08,OACp4C
5500994157493061613625_A08,H2803
5500994158987071513209_A08,CAL-85-1
5500994172383112813929_A08,HL-60
5500994158987071513202_A08,LOU-NH91
5500994158987071513207_A08,TE-8
5500994172383112813928_A08,HD-MY-Z
5500994158987071513201_A08,NCI-H1355
5500994172383112813930_A08,NB7
5500994172948120113978_A08,IOSE-75-16SV40
5500994173212120213068_A09,MKN45
5500994157493061613625_A09,H2722
5500994158987071513209_A09,CPC-N
5500994172383112813929_A09,HCC1937
5500994158987071513202_A09,GAMG
5500994158987071513207_A09,SiHa
5500994172383112813928_A09,SW684
5500994158987071513201_A09,NCI-H1048
5500994172383112813930_A09,NMC-G1
5500994172948120113978_A09,Hs-578-T
5500994157493061613625_A10,HCC1419
5500994158987071513209_A10,CRO-AP2
5500994172383112813929_A10,HEL
5500994158987071513202_A10,GMS-10
5500994158987071513207_A10,SCC-9
5500994172383112813928_A10,HOP-92
5500994158987071513201_A10,OAW-42
5500994172383112813930_A10,OCI-M1
5500994172948120113978_A10,VMRC-LCD
5500994157493061613625_A11,ETK-1
5500994158987071513209_A11,DK-MG
5500994172383112813929_A11,HCC202
5500994158987071513202_A11,MFE-319
5500994158987071513207_A11,SNU-182
5500994172383112813928_A11,JEG-3
5500994158987071513201_A11,OE33
5500994172383112813930_A11,NCI-H1666
5500994172948120113978_A11,OVCA420
5500994157493061613625_A12,C32
5500994158987071513209_A12,EGI-1
5500994172383112813929_A12,HCC1500
5500994158987071513202_A12,MONO-MAC-1
5500994158987071513207_A12,SK-N-SH
5500994172383112813928_A12,JHH-2
5500994158987071513201_A12,OVCAR-8
5500994172383112813930_A12,SW1710
5500994172948120113978_A12,BL-41
5500994173212120213068_B01,TE-441-T
5500994157493061613625_B01,SW1783
5500994158987071513209_B01,23132-87
5500994172383112813929_B01,ES7
5500994158987071513202_B01,KLE
5500994158987071513207_B01,MS-1
5500994172383112813928_B01,MDA-MB-231
5500994158987071513201_B01,Ramos-2G6-4C10
5500994172383112813930_B01,NCI-H1650
5500994172948120113978_B01,UWB1.289
5500994173212120213068_B02,SNU-175
5500994157493061613625_B02,H2810
5500994172383112813929_B02,AMO-1
5500994158987071513202_B02,KY821
5500994158987071513207_B02,MZ2-MEL
5500994172383112813928_B02,SHP-77
5500994158987071513201_B02,RCC-JW
5500994172383112813930_B02,NCI-H2405
5500994172948120113978_B02,COR-L32
5500994173212120213068_B03,SF295
5500994157493061613625_B03,DSH1
5500994158987071513209_B03,ACHN
5500994172383112813929_B03,A2780
5500994158987071513202_B03,KATOIII
5500994158987071513207_B03,MOLM-13
5500994172383112813928_B03,SK-ES-1
5500994158987071513201_B03,RH-18
5500994172383112813930_B03,NCI-H2029
5500994172948120113978_B03,NCI-H1341
5500994173212120213068_B04,AsPC-1
5500994157493061613625_B04,HT-1197
5500994158987071513209_B04,BE-13
5500994158987071513202_B04,KE-37
5500994158987071513207_B04,U-698-M
5500994172383112813928_B04,KYM-1
5500994158987071513201_B04,RT4
5500994172383112813930_B04,NCI-H322M
5500994172948120113978_B04,Farage
5500994173212120213068_B05,KYSE-180
5500994157493061613625_B05,MDA-MB-157
5500994158987071513209_B05,BHT-101
5500994172383112813929_B05,DEL
5500994158987071513202_B05,LCLC-103H
5500994158987071513207_B05,WM793B
5500994172383112813928_B05,KON
5500994158987071513201_B05,PANC-10-05
5500994172383112813930_B05,NCI-H740
5500994172948120113978_B05,NCI-H660
5500994173212120213068_B06,CS1
5500994157493061613625_B06,H2373
5500994158987071513209_B06,CAKI-1
5500994172383112813929_B06,ECC10
5500994158987071513202_B06,L-1236
5500994158987071513207_B06,YAPC
5500994172383112813928_B06,Hs-766T
5500994158987071513201_B06,PE-CA-PJ15
5500994172383112813930_B06,NCI-SNU-16
5500994172948120113978_B06,KARPAS-299
5500994173212120213068_B07,Raji
5500994157493061613625_B07,ES1
5500994158987071513209_B07,COLO-679
5500994172383112813929_B07,EW-13
5500994158987071513202_B07,LN-405
5500994158987071513207_B07,TE-10
5500994172383112813928_B07,HCE-T
5500994158987071513201_B07,NCI-H1304
5500994172383112813930_B07,NU-DUL-1
5500994172948120113978_B07,NCI-H2172
5500994173212120213068_B08,NCI-N87
5500994157493061613625_B08,HDLM-2
5500994158987071513209_B08,CAL-78
5500994172383112813929_B08,HSC-3
5500994158987071513202_B08,L-540
5500994158987071513207_B08,TE-9
5500994172383112813928_B08,HCC-827
5500994158987071513201_B08,NCI-H1915
5500994172383112813930_B08,NBsusSR
5500994172948120113978_B08,LK-2
5500994173212120213068_B09,MIA-PaCa-2
5500994157493061613625_B09,H2731
5500994158987071513209_B09,COLO-668
5500994172383112813929_B09,HuO9
5500994158987071513202_B09,GAK
5500994158987071513207_B09,SLVL
5500994172383112813928_B09,SW948
5500994158987071513201_B09,NCI-H1623
5500994172383112813930_B09,OVK-18
5500994172948120113978_B09,IOSE-364-
5500994157493061613625_B10,IST-MEL1
5500994158987071513209_B10,D-263MG
5500994172383112813929_B10,HPAC
5500994158987071513202_B10,GP5d
5500994158987071513207_B10,SNU-449
5500994172383112813928_B10,HCE-4
5500994158987071513201_B10,OCI-AML2
5500994172383112813930_B10,OCI-LY-19
5500994172948120113978_B10,NCI-H2286
5500994157493061613625_B11,5637
5500994158987071513209_B11,DMS-53
5500994172383112813929_B11,Hs-633T
5500994158987071513202_B11,MFM-223
5500994158987071513207_B11,SW780
5500994172383112813928_B11,JVM-3
5500994158987071513201_B11,ONS-76
5500994172383112813930_B11,NCI-H196
5500994172948120113978_B11,SK-GT-2
5500994157493061613625_B12,786-o
5500994158987071513209_B12,EM-2
5500994172383112813929_B12,HCC2998
5500994158987071513202_B12,MES-SA
5500994158987071513207_B12,SK-N-FI
5500994172383112813928_B12,JHH-4
5500994158987071513201_B12,OVISE
5500994172383112813930_B12,SCH
5500994173212120213068_C01,TC-YIK
5500994157493061613625_C01,HeLa
5500994158987071513209_C01,42-MG-BA
5500994172383112813929_C01,EFO-21
5500994158987071513202_C01,KYSE-270
5500994158987071513207_C01,MV-4-11
5500994172383112813928_C01,MDA-MB-361
5500994172383112813930_C01,NCI-H1838
5500994172948120113978_C01,SW756
5500994173212120213068_C02,SNU-283
5500994157493061613625_C02,HMV-II
5500994158987071513209_C02,A375
5500994172383112813929_C02,451Lu
5500994158987071513202_C02,KYSE-410
5500994158987071513207_C02,MZ1-PC
5500994172383112813928_C02,SH-4
5500994158987071513201_C02,RC-K8
5500994172383112813930_C02,NCI-H2023
5500994172948120113978_C02,NUGC-4
5500994173212120213068_C03,A3-KAW
5500994157493061613625_C03,H2818
5500994158987071513209_C03,AM-38
5500994172383112813929_C03,BB30-HNC
5500994158987071513202_C03,KARPAS-231
5500994158987071513207_C03,MOLT-4
5500994172383112813928_C03,SUIT-2
5500994158987071513201_C03,RL
5500994172383112813930_C03,NCI-H211
5500994172948120113978_C03,HCC-366
5500994173212120213068_C04,BONNA-12
5500994157493061613625_C04,M14
5500994158987071513209_C04,BE2-M17
5500994172383112813929_C04,CL-11
5500994158987071513202_C04,KP-3
5500994158987071513207_C04,UACC-893
5500994172383112813928_C04,SK-NEP-1
5500994158987071513201_C04,RT-112
5500994172383112813930_C04,NCI-H650
5500994172948120113978_C04,RWPE-1
5500994173212120213068_C05,KMOE-2
5500994157493061613625_C05,HT-29
5500994158987071513209_C05,BT-549
5500994172383112813929_C05,D-336MG
5500994158987071513202_C05,LC-2-ad
5500994158987071513207_C05,WM278
5500994172383112813928_C05,KNS-42
5500994158987071513201_C05,PA-TU-8988T
5500994172383112813930_C05,NCI-H841
5500994172948120113978_C05,ROS-50
5500994173212120213068_C06,ECC4
5500994157493061613625_C06,AU565
5500994158987071513209_C06,CAS-1
5500994172383112813929_C06,ECC12
5500994158987071513202_C06,L-363
5500994158987071513207_C06,ZR-75-30
5500994172383112813928_C06,HSC-4
5500994158987071513201_C06,PF-382
5500994172383112813930_C06,NALM-6
5500994172948120113978_C06,CHSA0011
5500994173212120213068_C07,PWR-1E
5500994157493061613625_C07,NCI-H441
5500994158987071513209_C07,COLO-678
5500994172383112813929_C07,EKVX
5500994158987071513202_C07,LN-229
5500994158987071513207_C07,TOV-21G
5500994172383112813928_C07,HN
5500994158987071513201_C07,NCI-H1395
5500994172383112813930_C07,NB14
5500994172948120113978_C07,KYAE-1
5500994173212120213068_C08,NCI-H748
5500994157493061613625_C08,SW1088
5500994158987071513209_C08,Capan-2
5500994172383112813929_C08,HuP-T3
5500994158987071513202_C08,FADU
5500994158987071513207_C08,TGBC11TKB
5500994172383112813928_C08,HT-1080
5500994158987071513201_C08,NCI-H1755
5500994172383112813930_C08,no-11
5500994172948120113978_C08,Ishikawa
5500994173212120213068_C09,MHH-NB-11
5500994157493061613625_C09,IST-MES1
5500994158987071513209_C09,COR-L88
5500994172383112813929_C09,HEC-1
5500994158987071513202_C09,G-401
5500994158987071513207_C09,SNB75
5500994172383112813928_C09,SW954
5500994158987071513201_C09,NCI-H1793
5500994172383112813930_C09,OACM5-1
5500994172948120113978_C09,MOLP-8
5500994157493061613625_C10,HCT-116
5500994158987071513209_C10,DAN-G
5500994172383112813929_C10,HGC-27
5500994158987071513202_C10,GI-1
5500994158987071513207_C10,SW900
5500994172383112813928_C10,JURL-MK1
5500994158987071513201_C10,RXF393
5500994172383112813930_C10,OCI-AML5
5500994172948120113978_C10,NCI-H847
5500994157493061613625_C11,GA-10
5500994158987071513209_C11,DOK
5500994172383112813929_C11,H9
5500994158987071513202_C11,MFH-ino
5500994158987071513207_C11,SK-HEP-1
5500994172383112813928_C11,JSC-1
5500994158987071513201_C11,OSC-19
5500994172383112813930_C11,SNU-423
5500994172948120113978_C11,COLO-783
5500994157493061613625_C12,KYSE-450
5500994158987071513209_C12,ES4
5500994172383112813929_C12,HCC-56
5500994158987071513202_C12,MEG-01
5500994172383112813928_C12,IPC-298
5500994158987071513201_C12,OVKATE
5500994172383112813930_C12,NCI-H1703
5500994173212120213068_D01,SUP-M2
5500994157493061613625_D01,NCI-H2052
5500994158987071513209_D01,697
5500994172383112813929_D01,EW-18
5500994158987071513202_D01,KYSE-510
5500994158987071513207_D01,ML-1
5500994172383112813928_D01,MDA-MB-453
5500994158987071513201_D01,RCC-AB
5500994172383112813930_D01,NCI-H2227
5500994172948120113978_D01,LP-1
5500994173212120213068_D02,SNU-1040
5500994157493061613625_D02,LOXIMVI
5500994158987071513209_D02,A388
5500994172383112813929_D02,A427
5500994158987071513202_D02,KU812
5500994158987071513207_D02,MG-63
5500994172383112813928_D02,S-117
5500994158987071513201_D02,RERF-GC-1B
5500994172383112813930_D02,NCI-H209
5500994172948120113978_D02,NCI-H524
5500994173212120213068_D03,SCCH-196
5500994157493061613625_D03,HOS
5500994158987071513209_D03,AN3-CA
5500994172383112813929_D03,BB49-HNC
5500994158987071513202_D03,K052
5500994158987071513207_D03,M059K
5500994172383112813928_D03,SK-MES-1
5500994158987071513201_D03,RMG-I
5500994172383112813930_D03,NCI-H2291
5500994172948120113978_D03,NEC8
5500994173212120213068_D04,BxPC-3
5500994157493061613625_D04,NCI-H28
5500994158987071513209_D04,BEN
5500994172383112813929_D04,CCK-81
5500994158987071513202_D04,KCL-22
5500994158987071513207_D04,VCaP
5500994172383112813928_D04,SK-UT-1
5500994158987071513201_D04,RVH-421
5500994172383112813930_D04,NCI-H3122
5500994172948120113978_D04,CHSA8926
5500994173212120213068_D05,HuO-3N1
5500994157493061613625_D05,NCI-H358
5500994158987071513209_D05,BT-483
5500994172383112813929_D05,D-247MG
5500994158987071513202_D05,LAN-6
5500994158987071513207_D05,WSU-NHL
5500994172383112813928_D05,KP-1N
5500994158987071513201_D05,PC-14
5500994172383112813930_D05,NCI-H747
5500994172948120113978_D05,RPMI-8402
5500994173212120213068_D06,Calu-3
5500994157493061613625_D06,Becker
5500994158987071513209_D06,CAMA-1
5500994172383112813929_D06,ES5
5500994158987071513202_D06,LXF-289
5500994158987071513207_D06,YKG-1
5500994172383112813928_D06,HT-1376
5500994158987071513201_D06,PFSK-1
5500994172383112813930_D06,NCI-SNU-5
5500994172948120113978_D06,NCI-H2110
5500994173212120213068_D07,PCI-4B
5500994157493061613625_D07,RS4-11
5500994158987071513209_D07,COLO-320-HSR
5500994172383112813929_D07,EoL-1-cell
5500994158987071513202_D07,LN-18
5500994158987071513207_D07,TE-12
5500994172383112813928_D07,HA7-RCC
5500994158987071513201_D07,NCI-H1581
5500994172383112813930_D07,NCC021
5500994172948120113978_D07,LB2518-MEL
5500994173212120213068_D08,NCI-H2196
5500994157493061613625_D08,NCI-H727
5500994158987071513209_D08,Ca-Ski
5500994172383112813929_D08,HO-1-N-1
5500994158987071513202_D08,FU97
5500994158987071513207_D08,THP-1
5500994172383112813928_D08,HPAF-II
5500994158987071513201_D08,NCI-H1963
5500994172383112813930_D08,NY
5500994172948120113978_D08,IOSE-523-
5500994173212120213068_D09,A704
5500994157493061613625_D09,NCI-H1299
5500994158987071513209_D09,COR-L105
5500994172383112813929_D09,HCC-44
5500994158987071513202_D09,GCT
5500994158987071513207_D09,SNU-475
5500994172383112813928_D09,SW962
5500994158987071513201_D09,NCI-H146
5500994172383112813930_D09,OVCAR-4
5500994172948120113978_D09,TYK-nu
5500994157493061613625_D10,COLO-800
5500994158987071513209_D10,D-502MG
5500994172383112813929_D10,HTC-C3
5500994158987071513202_D10,GI-ME-N
5500994158987071513207_D10,SUP-B15
5500994172383112813928_D10,JJN-3
5500994158987071513201_D10,QGP-1
5500994172383112813930_D10,OACp4C
5500994172948120113978_D10,SUP-HD1
5500994157493061613625_D11,BT-474
5500994158987071513209_D11,DU-145
5500994172383112813929_D11,HCC-78
5500994158987071513202_D11,MFE-280
5500994158987071513207_D11,SK-OV-3
5500994172383112813928_D11,J-RT3-T3-5
5500994158987071513201_D11,OPM-2
5500994172383112813930_D11,SN12C
5500994172948120113978_D11,SK-CO-1
5500994157493061613625_D12,Saos-2
5500994158987071513209_D12,EN
5500994172383112813929_D12,HCC-15
5500994158987071513202_D12,MEC-2
5500994158987071513207_D12,ST486
5500994172383112813928_D12,IA-LM
5500994158987071513201_D12,OVMIU
5500994172383112813930_D12,SCC-25
5500994173212120213068_E01,SNU-C5
5500994157493061613625_E01,NCI-H838
5500994158987071513209_E01,769-P
5500994172383112813929_E01,EB-3
5500994158987071513207_E01,ML-2
5500994172383112813928_E01,SBC-5
5500994158987071513201_E01,RCM-1
5500994172383112813930_E01,NCI-H1693
5500994172948120113978_E01,EJM
5500994173212120213068_E02,SK-N-DZ
5500994157493061613625_E02,NCI-H2228
5500994158987071513209_E02,A4-Fuk
5500994172383112813929_E02,A498
5500994158987071513202_E02,KS-1
5500994158987071513207_E02,MHH-PREB-1
5500994172383112813928_E02,SR
5500994158987071513201_E02,RERF-LC-MS
5500994172383112813930_E02,NCI-H2444
5500994172948120113978_E02,CL-40
5500994173212120213068_E03,SACC-83
5500994157493061613625_E03,LS-411N
5500994158987071513209_E03,ARH-77
5500994172383112813929_E03,BB65-RCC
5500994158987071513202_E03,KMRC-1
5500994158987071513207_E03,U-266
5500994172383112813928_E03,SK-MG-1
5500994158987071513201_E03,RPMI-2650
5500994172383112813930_E03,NCI-H520
5500994172948120113978_E03,JHOS-4
5500994173212120213068_E04,RCC-FG2
5500994157493061613625_E04,RKO
5500994158987071513209_E04,BFTC-909
5500994172383112813929_E04,CCRF-CEM
5500994158987071513202_E04,KOSC-2
5500994158987071513207_E04,VAL
5500994172383112813928_E04,SKG-IIIa
5500994158987071513201_E04,QIMR-WIL
5500994172383112813930_E04,NCI-H526
5500994172948120113978_E04,Caov-4
5500994173212120213068_E05,KASUMI-1
5500994157493061613625_E05,RPMI-7951
5500994158987071513209_E05,BV-173
5500994172383112813929_E05,D-542MG
5500994158987071513202_E05,LU-135
5500994158987071513207_E05,WM35
5500994172383112813928_E05,KNS-62
5500994158987071513201_E05,PC-3
5500994172383112813930_E05,NCI-H929
5500994172948120113978_E05,DIFI
5500994173212120213068_E06,CHP-126
5500994157493061613625_E06,CAL-54
5500994158987071513209_E06,Calu-6
5500994172383112813929_E06,EW-3
5500994158987071513202_E06,LS-513
5500994158987071513207_E06,U031
5500994158987071513201_E06,PL18
5500994172383112813930_E06,NAMALWA
5500994172948120113978_E06,NCI-H1836
5500994173212120213068_E07,PC-3
5500994157493061613625_E07,WM-115
5500994158987071513209_E07,C-33-A
5500994172383112813929_E07,EMC-BAC-2
5500994158987071513202_E07,LNZTA3WT4
5500994158987071513207_E07,TE-11
5500994172383112813928_E07,H4
5500994158987071513201_E07,NCI-H1092
5500994172383112813930_E07,NKM-1
5500994172948120113978_E07,huH-1
5500994173212120213068_E08,NCI-H2066
5500994157493061613625_E08,NCI-H2009
5500994158987071513209_E08,COLO-792
5500994172383112813929_E08,HuCCT1
5500994158987071513207_E08,T-T
5500994172383112813928_E08,HT55
5500994158987071513201_E08,NCI-H1573
5500994172383112813930_E08,NB13
5500994172948120113978_E08,HCC1143
5500994173212120213068_E09,SW156
5500994157493061613625_E09,ES3
5500994158987071513209_E09,COR-L23
5500994172383112813929_E09,HCC1187
5500994158987071513202_E09,G-361
5500994158987071513207_E09,SU-DHL-8
5500994172383112813928_E09,SK-MM-2
5500994158987071513201_E09,NCI-H1651
5500994172383112813930_E09,OVCAR-3
5500994172948120113978_E09,MOG-G-CCM
5500994157493061613625_E10,COLO-741
5500994158987071513209_E10,Daoy
5500994172383112813929_E10,HCC2157
5500994158987071513202_E10,GR-ST
5500994158987071513207_E10,SK-MEL-24
5500994172383112813928_E10,JiyoyeP-2003
5500994158987071513201_E10,RKN
5500994172383112813930_E10,NCI-H1694
5500994172948120113978_E10,OV-17R
5500994157493061613625_E11,D-283MED
5500994158987071513209_E11,DoTc2-4510
5500994172383112813929_E11,Hs746T
5500994158987071513202_E11,MOLT-16
5500994158987071513207_E11,SW837
5500994172383112813928_E11,JHH-6
5500994158987071513201_E11,OSC-20
5500994172383112813930_E11,SW1116
5500994172948120113978_E11,BICR10
5500994158987071513209_E12,ES-2
5500994172383112813929_E12,HCC1954
5500994158987071513202_E12,Mewo
5500994158987071513207_E12,T-24
5500994172383112813928_E12,IM-95
5500994158987071513201_E12,PSN1
5500994172383112813930_E12,SNU-C2B
5500994173212120213068_F01,SU-DHL-5
5500994157493061613625_F01,639-V
5500994158987071513209_F01,8305C
5500994172383112813929_F01,EPLC-272H
5500994158987071513202_F01,KYSE-70
5500994158987071513207_F01,MRK-nu-1
5500994172383112813928_F01,SCC-15
5500994172383112813930_F01,NCI-H2135
5500994172948120113978_F01,NCI-H1435
5500994173212120213068_F02,SK-N-AS
5500994157493061613625_F02,OE19
5500994158987071513209_F02,A431
5500994172383112813929_F02,A253
5500994158987071513202_F02,KOPN-8
5500994158987071513207_F02,MCF7
5500994172383112813928_F02,TOV-112D
5500994158987071513201_F02,RF-48
5500994172383112813930_F02,NCI-H2085
5500994172948120113978_F02,COR-L311
5500994173212120213068_F03,8-MG-BA
5500994157493061613625_F03,NCI-H2452
5500994158987071513209_F03,ATN-1
5500994172383112813929_F03,BOKU
5500994158987071513202_F03,KMRC-20
5500994158987071513207_F03,UM-UC-3
5500994172383112813928_F03,SKN
5500994158987071513201_F03,RO82-W-1
5500994172383112813930_F03,NCI-H378
5500994172948120113978_F03,Mo
5500994173212120213068_F04,MDA-MB-134-VI
5500994157493061613625_F04,EFM-192A
5500994158987071513209_F04,BHY
5500994172383112813929_F04,COLO-684
5500994158987071513202_F04,LB2241-RCC
5500994158987071513207_F04,VM-CUB-1
5500994172383112813928_F04,SK-LU-1
5500994158987071513201_F04,P12-ICHIKAWA
5500994172383112813930_F04,NCI-H64
5500994172948120113978_F04,NCI-H1417
5500994173212120213068_F05,Hs-940-T
5500994157493061613625_F05,UACC-62
5500994158987071513209_F05,C2BBe1
5500994172383112813929_F05,DMS-79
5500994158987071513202_F05,LU-65
5500994158987071513207_F05,WIL2-NS
5500994172383112813928_F05,KARPAS-422
5500994158987071513201_F05,PCI-30
5500994172383112813930_F05,NCI-H69
5500994172948120113978_F05,COR-L279
5500994173212120213068_F06,CAL-12T
5500994157493061613625_F06,DU-4475
5500994158987071513209_F06,CAPAN-1
5500994172383112813929_F06,EW-7
5500994158987071513202_F06,LS-180
5500994158987071513207_F06,SBC-1
5500994172383112813928_F06,HuP-T4
5500994158987071513201_F06,P32-ISH
5500994172383112813930_F06,NB10
5500994172948120113978_F06,MLMA
5500994173212120213068_F07,PANC-02-03
5500994157493061613625_F07,SISO
5500994158987071513209_F07,CA46
5500994172383112813929_F07,EHEB
5500994158987071513202_F07,LAMA-84
5500994158987071513207_F07,TE-15
5500994172383112813928_F07,HAL-01
5500994158987071513201_F07,NCI-H1648
5500994172383112813930_F07,NOMO-1
5500994172948120113978_F07,Hep3B2-1-7
5500994173212120213068_F08,NCI-H1105
5500994157493061613625_F08,JHH-1
5500994158987071513209_F08,CFPAC-1
5500994172383112813929_F08,HCT-15
5500994158987071513202_F08,FU-OV-1
5500994158987071513207_F08,TT2609-C02
5500994172383112813928_F08,HLE
5500994158987071513201_F08,NCI-H1734
5500994172383112813930_F08,NB17
5500994172948120113978_F08,LB373-MEL-D
5500994173212120213068_F09,LoVo
5500994157493061613625_F09,COLO-680N
5500994158987071513209_F09,BPH-1
5500994172383112813929_F09,H3255
5500994158987071513202_F09,G-MEL
5500994158987071513207_F09,SK-MEL-5
5500994172383112813928_F09,SK-PN-DW
5500994158987071513201_F09,NCI-H1563
5500994172383112813930_F09,OCUM-1
5500994172948120113978_F09,MDA-MB-468
5500994157493061613625_F10,ESO51
5500994158987071513209_F10,Detroit562
5500994172383112813929_F10,HCC2218
5500994158987071513202_F10,G-292-Clone-A141B1
5500994158987071513207_F10,SW1990
5500994172383112813928_F10,J82
5500994158987071513201_F10,RCC-MF
5500994172383112813930_F10,SW1463
5500994172948120113978_F10,SU-DHL-6
5500994157493061613625_F11,CAL-33
5500994158987071513209_F11,DB
5500994172383112813929_F11,HH
5500994158987071513202_F11,MOLT-13
5500994158987071513207_F11,SW620
5500994172383112813928_F11,JHH-7
5500994158987071513201_F11,OV-90
5500994172383112813930_F11,SW13
5500994172948120113978_F11,RERF-LC-KJ
5500994158987071513209_F12,EW-22
5500994172383112813929_F12,HT-144
5500994158987071513202_F12,ME-180
5500994158987071513207_F12,T47D
5500994172383112813928_F12,IGR-37
5500994158987071513201_F12,PL-21
5500994172383112813930_F12,SNU-398
5500994173212120213068_G01,SNU-81
5500994157493061613625_G01,CAL-29
5500994158987071513209_G01,A101D
5500994172383112813929_G01,EC-GI-10
5500994158987071513202_G01,KYSE-140
5500994158987071513207_G01,MKN28
5500994172383112813928_G01,SAT
5500994172383112813930_G01,NCI-H2126
5500994172948120113978_G01,COR-L95
5500994173212120213068_G02,SK-MEL-31
5500994157493061613625_G02,UACC-257
5500994158987071513209_G02,A549
5500994172383112813929_G02,ABC-1
5500994158987071513202_G02,KALS-1
5500994158987071513207_G02,MMAC-SF
5500994172383112813928_G02,SW1573
5500994158987071513201_G02,RERF-LC-Sq1
5500994172383112813930_G02,NCI-H2342
5500994172948120113978_G02,MHH-CALL-2
5500994173212120213068_G03,Sci-1
5500994157493061613625_G03,PA-1
5500994158987071513209_G03,BALL-1
5500994172383112813929_G03,CAL-27
5500994158987071513202_G03,KNS-81-FD
5500994158987071513207_G03,U251
5500994172383112813928_G03,SKN-3
5500994158987071513201_G03,RPMI-6666
5500994172383112813930_G03,NCI-H630
5500994172948120113978_G03,COR-L303
5500994173212120213068_G04,ME-1
5500994157493061613625_G04,H2591
5500994158987071513209_G04,BICR78
5500994172383112813929_G04,CGTH-W-1
5500994158987071513202_G04,LB647-SCLC
5500994158987071513207_G04,VA-ES-BJ
5500994172383112813928_G04,SKM-1
5500994158987071513201_G04,P30-OHK
5500994172383112813930_G04,NCI-H596
5500994172948120113978_G04,MDA-MB-415
5500994173212120213068_G05,HSC-39
5500994157493061613625_G05,H513
5500994158987071513209_G05,C3A
5500994172383112813929_G05,DND-41
5500994158987071513202_G05,LU-139
5500994158987071513207_G05,WSU-DLCL2
5500994172383112813928_G05,SK-MEL-30
5500994158987071513201_G05,PCI-15A
5500994172383112813930_G05,NCI-H82
5500994172948120113978_G05,JHOS-3
5500994173212120213068_G06,CAL-148
5500994157493061613625_G06,H2461
5500994158987071513209_G06,CHL-1
5500994172383112813929_G06,EW-24
5500994158987071513202_G06,LS-123
5500994158987071513207_G06,SAS
5500994172383112813928_G06,HUTU-80
5500994158987071513201_G06,OAW-28
5500994172383112813930_G06,NB12
5500994172948120113978_G06,NB4
5500994173212120213068_G07,P31-FUJ
5500994157493061613625_G07,KELLY
5500994158987071513209_G07,CAL-39
5500994172383112813929_G07,EMC-BAC-1
5500994158987071513207_G07,TE-5
5500994172383112813928_G07,HOP-62
5500994158987071513201_G07,NCI-H1688
5500994172383112813930_G07,NH-12
5500994172948120113978_G07,IOSE-397
5500994173212120213068_G08,NCCIT
5500994157493061613625_G08,NCI-H661
5500994158987071513209_G08,COLO-824
5500994172383112813929_G08,HCC70
5500994158987071513202_G08,GCIY
5500994158987071513207_G08,TUR
5500994172383112813928_G08,IHH-4
5500994158987071513201_G08,NCI-H1568
5500994172383112813930_G08,NB5
5500994172948120113978_G08,HCE-7
5500994157493061613625_G09,ES8
5500994158987071513209_G09,CTV-1
5500994172383112813929_G09,H3118
5500994158987071513202_G09,GOTO
5500994158987071513207_G09,SJRH30
5500994172383112813928_G09,IST-SL1
5500994172383112813930_G09,SCC-3
5500994172948120113978_G09,UE6E7T-3
5500994157493061613625_G10,H2795
5500994158987071513209_G10,DG-75
5500994172383112813929_G10,HCC1569
5500994158987071513202_G10,G-402
5500994158987071513207_G10,SW872
5500994172383112813928_G10,JAR
5500994158987071513201_G10,OCUB-M
5500994172383112813930_G10,SW48
5500994172948120113978_G10,OV-7
5500994157493061613625_G11,SW1417
5500994158987071513209_G11,EFM-19
5500994172383112813929_G11,HARA
5500994158987071513202_G11,MONO-MAC-6
5500994158987071513207_G11,SNU-387
5500994172383112813928_G11,JHU-011
5500994158987071513201_G11,OVCAR-5
5500994172383112813930_G11,SU-DHL-4
5500994172948120113978_G11,BICR31
5500994158987071513209_G12,EW-11
5500994172383112813929_G12,HT-115
5500994158987071513202_G12,MEL-HO
5500994158987071513207_G12,T98G
5500994172383112813928_G12,IGROV-1
5500994158987071513201_G12,NCI-H1944
5500994172383112813930_G12,SF268
5500994173212120213068_H01,SNU-407
5500994157493061613625_H01,H2369
5500994158987071513209_H01,A172
5500994172383112813929_H01,EB2
5500994158987071513202_H01,KYSE-150
5500994158987071513207_H01,MKN1
5500994172383112813928_H01,SBC-3
5500994158987071513201_H01,RD
5500994172948120113978_H01,MDA-MB-330
5500994173212120213068_H02,SIMA
5500994157493061613625_H02,647-V
5500994158987071513209_H02,A673
5500994172383112813929_H02,ALL-PO
5500994158987071513202_H02,KARPAS-620
5500994158987071513207_H02,MC116
5500994172383112813928_H02,SUP-B8
5500994158987071513201_H02,RH-1
5500994172383112813930_H02,NCI-H23
5500994172948120113978_H02,MHH-CALL-4
5500994173212120213068_H03,AGS
5500994157493061613625_H03,TGBC24TKB
5500994158987071513209_H03,BC-1
5500994172383112813929_H03,BICR22
5500994158987071513202_H03,KGN
5500994158987071513207_H03,U-87-MG
5500994172383112813928_H03,SK-MEL-3
5500994158987071513201_H03,RPMI-8226
5500994172383112813930_H03,NCI-H522
5500994172948120113978_H03,MC-CAR
5500994173212120213068_H04,LC-1F
5500994157493061613625_H04,H2595
5500994172383112813929_H04,CTB-1
5500994158987071513202_H04,LC4-1
5500994158987071513207_H04,UMC-11
5500994172383112813928_H04,IM-9
5500994158987071513201_H04,PANC-03-27
5500994172383112813930_H04,NCI-H835
5500994172948120113978_H04,TGW
5500994173212120213068_H05,EW-12
5500994157493061613625_H05,MPP-89
5500994158987071513209_H05,C8166
5500994172383112813929_H05,DOHH-2
5500994158987071513202_H05,LU-165
5500994158987071513207_H05,WM-266-4
5500994172383112813928_H05,KYSE-50
5500994158987071513201_H05,PCI-38
5500994172383112813930_H05,NCI-H647
5500994172948120113978_H05,NCI-H1436
5500994173212120213068_H06,RCC-ER
5500994157493061613625_H06,IGR-1
5500994158987071513209_H06,CHP-134
5500994172383112813929_H06,ESO26
5500994158987071513202_H06,LS-1034
5500994158987071513207_H06,SCaBER
5500994172383112813928_H06,HeLaSF
5500994158987071513201_H06,OC-314
5500994172383112813930_H06,NB69
5500994172948120113978_H06,CADO-ES1
5500994173212120213068_H07,OCI-AML5
5500994157493061613625_H07,NCI-H2030
5500994158987071513209_H07,CAL-72
5500994172383112813929_H07,Hs-944-T
5500994158987071513202_H07,LOUCY
5500994158987071513207_H07,TE-6
5500994172383112813928_H07,HDQ-P1
5500994158987071513201_H07,NCI-H1993
5500994172383112813930_H07,no-10
5500994172948120113978_H07,JHOS-2
5500994173212120213068_H08,MM1S
5500994157493061613625_H08,SK-MEL-1
5500994158987071513209_H08,COLO-320
5500994172383112813929_H08,HCC1806
5500994158987071513202_H08,GB-1
5500994158987071513207_H08,TCCSUP
5500994172383112813928_H08,IST-SL2
5500994158987071513201_H08,NCI-H1155
5500994172383112813930_H08,NTERA-S-cl-D1
5500994157493061613625_H09,COLO-205
5500994158987071513209_H09,ChaGo-K-1
5500994172383112813929_H09,Hs-683
5500994158987071513202_H09,GT3TKB
5500994158987071513207_H09,SU-DHL-10
5500994172383112813928_H09,IMR-5
5500994158987071513201_H09,NCI-H1781
5500994172383112813930_H09,SCC-4
5500994172948120113978_H09,YT
5500994157493061613625_H10,BFTC-905
5500994158987071513209_H10,DJM-1
5500994172383112813929_H10,HCC1428
5500994158987071513202_H10,MKN7
5500994158987071513207_H10,SK-MEL-28
5500994172383112813928_H10,JEKO-1
5500994158987071513201_H10,OE21
5500994172383112813930_H10,NCI-H1975
5500994172948120113978_H10,SK-GT-4
5500994157493061613625_H11,H2804
5500994158987071513209_H11,EFO-27
5500994172383112813929_H11,HuH-7
5500994158987071513202_H11,Mo-T
5500994158987071513207_H11,SU-DHL-1
5500994172383112813928_H11,JHU-022
5500994158987071513201_H11,OS-RC-2
5500994172383112813930_H11,SW982
5500994172948120113978_H11,RWPE2-W99
5500994158987071513209_H12,EW-1
5500994172383112813929_H12,HT-3
5500994158987071513202_H12,MEC-1
5500994158987071513207_H12,T84
5500994172383112813928_H12,I-9-2
5500994158987071513201_H12,NCI-H187
5500994172383112813930_H12,SF126
5500994175999120813240_A01,SNG-M
5500994175999120813240_A08,NCI-H1770
5500994175999120813240_A02,NB6
5500994175999120813240_A09,RCC-JF
5500994175999120813240_A03,Ishikawa_Heraklio_02ER-
5500994175999120813240_A10,NCI-H446
5500994175999120813240_A04,JVM-2
5500994175999120813240_A11,TK10
5500994175999120813240_A05,TK
5500994175999120813240_A06,DBTRG-05MG
5500994175999120813240_A07,KP-N-YN
5500994173603120813304_A10,KARPAS-45
5500994173603120813304_A11,PA-TU-8902
5500994173603120813304_A12,ES6
5500994175999120813240_B01,L-428
5500994175999120813240_B08,OCI-AML3
5500994175999120813240_B02,Daudi
5500994175999120813240_B09,HCC38
5500994175999120813240_B03,CW-2
5500994175999120813240_B10,RL95-2
5500994175999120813240_B04,GDM-1
5500994175999120813240_B11,NCI-H2087
5500994175999120813240_B05,KYSE-220
5500994175999120813240_B06,MDA-MB-436
5500994175999120813240_B07,MOLM-16
5500994173603120813304_B10,GA-10-Clone-4
5500994173603120813304_B11,HO-1-u-1
5500994173603120813304_B12,M00921
5500994175999120813240_C01,D-423MG
5500994175999120813240_C08,CAL-62
5500994175999120813240_C02,8505C
5500994175999120813240_C09,SW626
5500994175999120813240_C03,JM1
5500994175999120813240_C10,TASK1
5500994175999120813240_C04,CML-T1
5500994175999120813240_C11,DMS-273
5500994175999120813240_C05,M059J
5500994175999120813240_C06,CHSA0108
5500994175999120813240_C07,CL-34
5500994173603120813304_C10,SNU-C1
5500994173603120813304_C11,NB1
5500994173603120813304_C12,SCC90
5500994175999120813240_D01,HCC1599
5500994175999120813240_D08,TE-4
5500994175999120813240_D02,Hey
5500994175999120813240_D09,TGBC1TKB
5500994175999120813240_D03,MSTO-211H
5500994175999120813240_D10,NOS-1
5500994175999120813240_D04,RCH-ACV
5500994175999120813240_D11,SJSA-1
5500994175999120813240_D05,SU-DHL-16
5500994175999120813240_D06,GRANTA-519
5500994175999120813240_D07,K2
5500994173603120813304_D10,KG-1
5500994173603120813304_D11,K-562
5500994173603120813304_D12,NCI-H292
5500994175999120813240_E01,MN-60
5500994175999120813240_E08,DOV13
5500994175999120813240_E02,KM12
5500994175999120813240_E09,NCI-H720
5500994175999120813240_E03,NCC010
5500994175999120813240_E10,VMRC-RCZ
5500994175999120813240_E04,22RV1
5500994175999120813240_E11,NCI-H345
5500994175999120813240_E05,KARPAS-1106P
5500994175999120813240_E06,LB771-HNC
5500994175999120813240_E07,CP50-MEL-B
5500994173603120813304_E10,PANC-04-03
5500994173603120813304_E11,LNCaP-Clone-FGC
5500994173603120813304_E12,C-4-I
5500994175999120813240_F01,LB1047-RCC
5500994175999120813240_F08,Hs-445
5500994175999120813240_F02,KU-19-19
5500994175999120813240_F09,NCI-H1876
5500994175999120813240_F03,ACN
5500994175999120813240_F10,U-2-OS
5500994175999120813240_F04,OV-56
5500994175999120813240_F11,NCI-H2122
5500994175999120813240_F05,OVTOKO
5500994175999120813240_F06,FLO-1
5500994175999120813240_F07,KMS-11
5500994173603120813304_F10,ESS-1
5500994173603120813304_F11,TC-71
5500994173603120813304_F12,KP-2
5500994175999120813240_G01,OCI-LY7
5500994175999120813240_G08,NCI-H226
5500994175999120813240_G02,COLO-829
5500994175999120813240_G09,SU8686
5500994175999120813240_G03,MFE-296
5500994175999120813240_G10,SW1271
5500994175999120813240_G04,D-566MG
5500994175999120813240_G11,KM-H2
5500994175999120813240_G05,JHU-028
5500994175999120813240_G06,K5
5500994175999120813240_G07,LC-1-sq
5500994173603120813304_G10,HCC1395
5500994173603120813304_G11,M980513
5500994173603120813304_G12,JHU-029
5500994175999120813240_H01,NCI-H716
5500994175999120813240_H08,PEO1
5500994175999120813240_H02,LB831-BLC
5500994175999120813240_H09,PL4
5500994175999120813240_H03,HC-1
5500994175999120813240_H10,TT
5500994175999120813240_H04,JURKAT
5500994175999120813240_H11,SK-MEL-28
5500994175999120813240_H05,MOG-G-UVW
5500994175999120813240_H06,MET-2B
5500994175999120813240_H07,JIMT-1
5500994173603120813304_H10,HSC-2
5500994173603120813304_H11,STS-0421
5500994173603120813304_H12,LB996-RCC
